作成物,作成数,素材,素材数
アケビの活力水,1,アケビシロップ,2
アケビの活力水,1,ヨモギ,2
エリクサー,1,精霊の雫,5
エリクサー,1,世界樹の樹皮,15
エリクサー,1,花の蜜,20
エリクサーB,1,癒しの蜜,5
エリクサーB,1,精霊の雫,5
エリクサーB,1,祝福の花,5
コケの湿布,1,コケ,5
コケの湿布,1,薬草,1
スタミナドリンク,1,はちみつ,5
スタミナドリンク,1,ヨモギ,5
スタミナドリンク,1,ミント,3
スライム接着剤,1,スライムコア,3
スライム接着剤,1,コケ,2
たい肥,1,枯れ葉,3
たい肥,1,雑草,3
ドクドクパウダー,1,テングタケ,2
バーク堆肥,1,腐葉土,1
バーク堆肥,1,ノームの粉,1
バーク堆肥,1,時の砂,2
ポーション（小）,1,薬草,3
ポーション（中）,1,薬草,5
ポーション（中）,1,ヨモギ,2
マナポーション（小）,1,ヨモギ,3
マナポーション（小）,1,コケ,2
マナポーション（大）,1,アルラウネの根,2
マナポーション（大）,1,精霊の雫,2
マナポーション（大）,1,花の蜜,3
マナポーション（大）B,1,魔力の欠片,2
マナポーション（大）B,1,霊草,2
マナポーション（大）B,1,薬草エキス,1
マナポーション（中）,1,薬草,3
マナポーション（中）,1,ヨモギ,3
マナポーション（中）,1,花の蜜,1
暗黒の毒薬,1,瘴気の粉,2
暗黒の毒薬,1,テングタケ,3
暗黒の毒薬,1,ドクドクパウダー,1
炎のエッセンス,1,火の結晶,3
炎のエッセンス,1,溶岩の核,1
炎のエッセンス,1,リン,5
煙幕玉,1,リン,2
煙幕玉,1,コケ,3
火炎弾,1,リン,3
火炎弾,1,褐炭,2
火炎弾,1,ガラス瓶,1
下剤,1,猛毒草,3
下剤,1,毒蛇の牙,3
下剤,1,解毒ポーション,1
下肥,1,腐葉土,1
下肥,1,ナニカ,1
下肥,1,瘴気の根,2
解毒ポーション,1,花の蜜,1
解毒ポーション,1,薬草エキス,2
解毒薬,1,毒消し草,3
回復薬液,1,はちみつ,1
回復薬液,1,香草,1
活性薬,1,トウガラシ,2
活性薬,1,ヨモギ,2
活力ドリンク,1,ガエルの舌,2
活力ドリンク,1,はちみつ,2
活力ドリンク,1,薬草,2
骨粉,1,朽ちた骨,5
清浄剤,1,毒消し草,2
清浄剤,1,ミント,2
精力薬,1,ミント,3
精力薬,1,花の蜜,1
聖水,1,精霊の雫,2
聖水,1,薬草,5
聖水,1,光の結晶,1
接着剤,2,スライムコア,2
土のエッセンス,1,土の結晶,3
土のエッセンス,1,ゴーレムの核,1
土のエッセンス,1,石,10
毒素エキス,1,毒嚢,2
毒素エキス,1,毒液,3
毒塗り薬,2,毒素エキス,1
毒塗り薬,2,スライムゼリー,2
毒塗り薬,2,ガラス瓶,1
発火剤,3,リン,3
発火剤,3,褐炭,2
氷のエッセンス,1,氷の結晶,3
氷のエッセンス,1,氷河の結晶,1
氷のエッセンス,1,永久凍土,5
氷結弾,1,氷の結晶,1
氷結弾,1,永久凍土,2
氷結弾,1,ガラス瓶,1
品質向上の粉,1,精霊の雫,1
品質向上の粉,1,骨粉,2
品質向上の粉,1,リン,2
腐食薬,1,腐肉,3
腐食薬,1,毒液,1
腐葉土,1,落ち葉の堆肥,1
腐葉土,1,灰草,2
腐葉土,1,灰の土,1
風のエッセンス,1,風の結晶,3
風のエッセンス,1,精霊の雫,2
風のエッセンス,1,海鳥の羽,5
万能薬,1,香草,2
万能薬,1,治癒草,2
猛毒薬,2,テングタケ,2
猛毒薬,2,毒液,1
猛毒薬,2,ドクドクパウダー,3
目覚め薬,1,腐肉,1
目覚め薬,1,ミント,2
薬草エキス,1,薬草,5
薬草ジャム,1,キイチゴジャム,2
薬草ジャム,1,薬草エキス,1
落ち葉の堆肥,1,枯れ葉,10
落ち葉の堆肥,1,コケ,3
瘴気の結晶,1,瘴気の粉,1
瘴気の結晶,1,水晶,1
アイアンシールド,1,ウッドシールド,1
アイアンシールド,1,鉄インゴット,3
アイスレイピア,1,レイピア,1
アイスレイピア,1,凍った涙,4
アイスレイピア,1,蒼い水晶,3
アックス,1,鉄インゴット,1
アックス,1,枝,2
アイスシールド,1,マジックシールド,1
アイスシールド,1,氷のエッセンス,2
アイスシールド,1,ダイアウルフの牙,5
アロイシールド,1,スチールシールド,1
アロイシールド,1,合金インゴット,2
アロイシールド,1,デスナイトの装甲片,3
ヴァーソロミュー,1,ヴァイキング,1
ヴァーソロミュー,1,海鳥の産毛,20
ヴァーソロミュー,1,呪われた布,20
ヴァイキング,1,両刃斧,1
ヴァイキング,1,ガエルの油,10
ヴァイキング,1,オーガの血,1
ヴァンプスピア,1,吸血槍,1
ヴァンプスピア,1,オーガの血,5
ヴァンプスピア,1,アルラウネの根,3
ウォーターシールド,1,マジックシールド,1
ウォーターシールド,1,清浄薬,10
ウォーターシールド,1,潮石,20
ウッドシールド,1,硬木,2
ウッドシールド,1,スモールウッドシールド,1
ウルフシールド,1,ラビットシールド,1
ウルフシールド,1,なめし皮,3
ウルフシールド,1,樹脂,4
エストック,1,スティレット,1
エストック,1,蒼銀インゴット,1
エストック,1,黒曜石,3
エストック,1,亡霊の布,2
オーガの大斧,1,鋼鉄の斧,1
オーガの大斧,1,オーガの角,2
オーガプレート,1,ゴブリンプレート,1
オーガプレート,1,オーガの角,3
オーガプレート,1,オーガの血,3
オブシウスソード,1,マクアウィトル,1
オブシウスソード,1,黒曜石,3
オブシウスソード,1,高品質木炭,2
がさがさ,1,ごわごわ,1
がさがさ,1,蒼銀糸,2
がさがさ,1,竜鱗革,2
グラディウス,1,木の槍,1
グラディウス,1,ゴブリンのナイフ,3
グラディウス,1,ゴブリンの耳,1
クラブ・ブロッカー,1,甲殻の盾,1
クラブ・ブロッカー,1,カニの甲羅,10
クラブ・ブロッカー,1,カニの鋏,20
グレイブ,1,グラディウス,1
グレイブ,1,鉄インゴット,3
グレイブ,1,木炭,5
ゲルゲル,1,スライムチ,1
ゲルゲル,1,スライム接着剤,3
ケルトハルイン,1,ポイズンスピア,1
ケルトハルイン,1,影獣の爪,4
ケルトハルイン,1,竜鱗革,2
ゴーレムシールド,1,スチールシールド,1
ゴーレムシールド,1,ゴーレムの核,4
ゴーレムシールド,1,鉄ゴーレムの装甲,3
ゴーレムの守護鎧,1,ゴーレムプレート,1
ゴーレムの守護鎧,1,鉄ゴーレムの装甲,3
ゴーレムの守護鎧,1,ゴーレムの破片,20
ゴーレムプレート,1,オーガプレート,1
ゴーレムプレート,1,ゴーレムの核,1
ゴーレムプレート,1,ゴーレムの破片,20
ゴブリンプレート,1,ゴブリンのナイフ,5
ごわごわ,1,ウルフシールド,1
ごわごわ,1,ダイアウルフの上毛皮,2
ごわごわ,1,布,3
サンドストーム,1,モーニングスター,1
サンドストーム,1,溶岩石,3
サンドストーム,1,黒鉄インゴット,3
シェル・ザ・ゴッド,1,クラブ・ブロッカー,1
シェル・ザ・ゴッド,1,貝,30
シェル・ザ・ゴッド,1,真珠,10
シェルアーマー,1,百足の鎖帷子,1
シェルアーマー,1,岩蟲の歯,3
シェルアーマー,1,岩蟲の体節,3
シェルアーマー・シー,1,百足の鎖帷子,1
シェルアーマー・シー,1,カニの甲羅,5
シェルアーマー・シー,1,カニの鋏,5
シェルフォート,1,シェルアーマー,1
シェルフォート,1,蒼銀糸,2
シェルフォート,1,木炭,5
シェルフォート・シー,1,シェルアーマー・シー,1
シェルフォート・シー,1,蒼銀糸,2
シェルフォート・シー,1,木炭,5
シシュパル,1,フランジ,1
シシュパル,1,王宮の金属片,3
シシュパル,1,封印の欠片,3
シルフシールド,1,マジックシールド,1
シルフシールド,1,風のエッセンス,2
シルフシールド,1,精霊のインク,3
シルフソード,1,鋼鉄の剣,1
シルフソード,1,風のエッセンス,5
シルフソード,1,精霊のインク,3
スケルズダガー,1,骨の短剣,1
スケルズダガー,1,鉱蛾の鱗粉,3
スケルズダガー,1,骨粉,3
スチールシールド,1,アイアンシールド,1
スチールシールド,1,鋼鉄インゴット,2
スチールシールド,1,朽ちた盾,4
スティレット,1,鋭利なナイフ,1
スティレット,1,影獣の爪,1
スティレット,1,鋼鉄インゴット,1
スティンガーフレイル,1,フレイル,1
スティンガーフレイル,1,蜂の針,10
スティンガーフレイル,1,高純度鉄,1
スプラッシュ・魔雲盾,1,クラブ・ブロッカー,1
スプラッシュ・魔雲盾,1,マジックシールド,1
スプラッシュ・魔雲盾,1,聖水,5
スプラッシュソード,1,鋼鉄の剣,1
スプラッシュソード,1,水の玉,20
スプラッシュソード,1,海精の鱗,5
スモールウッドシールド,1,樹脂,2
スモールウッドシールド,1,枝,3
スモールウッドシールド,1,硬木,1
スモールレザーシールド,1,蛇皮,3
スモールレザーシールド,1,毛皮の鎧,1
スライムチ,1,ぺちぺち,1
スライムチ,1,スライムゼリー,5
スライムチ,1,スライムコア,3
セイバーシールド,1,マジックシールド,1
セイバーシールド,1,光の結晶,20
セイバーシールド,1,聖水,10
ダークシールド,1,マジックシールド,1
ダークシールド,1,闇の結晶,20
ダークシールド,1,ワイトのエクトプラズム,20
ダークソード,1,鋼鉄の剣,1
ダークソード,1,闇の結晶,10
ダークソード,1,古代骨,10
チェインメイル,1,毛皮の鎧,1
チェインメイル,1,鉄インゴット,3
ツンドラ・アクス,1,鋼鉄の斧,1
ツンドラ・アクス,1,凍った涙,1
ツンドラ・アクス,1,氷のエッセンス,3
トゲトゲ丸,1,モーニングスター,1
トゲトゲ丸,1,鎖,5
トゲトゲ丸,1,耐火石,3
ニンフシールド,1,マジックシールド,1
ニンフシールド,1,トレントの樹液,5
ニンフシールド,1,アルラウネの花弁,5
ぬるぬるな・IF,1,薄刃のナイフ,1
ぬるぬるな・IF,1,なめこ,20
ぬるぬるな・IF,1,スライムゼリー,2
ヌンチャク,1,強化鞭,1
ヌンチャク,1,硬木,2
ヌンチャク,1,樹脂,4
ハルバード,1,グレイブ,1
ハルバード,1,両刃斧,1
ヒートビット,1,フランジ,1
ヒートビット,1,赤鉄インゴット,3
ヒートビット,1,蔓鉄木,2
ファイアシールド,1,マジックシールド,1
ファイアシールド,1,炎のエッセンス,2
ファイアシールド,1,褐炭の着火剤,5
フォシラ・プロタ,1,ホネホネ帷子,1
フォシラ・プロタ,1,竜骨石,3
フォシラ・プロタ,1,骨粉,10
ブライトダガー,1,水晶の短剣,1
ブライトダガー,1,月光石,5
ブライトダガー,1,陽光石,5
ブラスト・ラブリュス,1,フレイムアックス,1
ブラスト・ラブリュス,1,発火剤,10
ブラスト・ラブリュス,1,高品質木炭,10
ブラックソード,1,オブシウスソード,1
ブラックソード,1,岩蟲の体節,3
ブラックソード,1,岩蟲の歯,3
フランジ,1,メイス,1
フランジ,1,狼の爪,3
フランジ,1,蒼銀インゴット,1
フレイムアックス,1,両刃斧,1
フレイムアックス,1,火の結晶,10
フレイムソード,1,鋼鉄の剣,1
フレイムソード,1,炎のエッセンス,5
フレイムソード,1,発火剤,10
フレイル,1,ホネ棍棒,1
フレイル,1,鎖,2
フレイル,1,南蛮樹脂,2
ブロードソード,1,鉄の剣,1
ブロードソード,1,鉄インゴット,1
ブロードソード,1,柄材,1
プロテアン,1,スライムチ,1
プロテアン,1,蝋塊,5
プロテアン,1,蒼銀糸,2
ブロンズプレート,1,銅インゴット,2
ふわふわ,1,もふもふ,1
ふわふわ,1,上位魔法糸,5
ふわふわ,1,鉱蛾の鱗粉,5
ぺちぺち,1,強化鞭,1
ぺちぺち,1,スライムゼリー,5
ぺちぺち,1,なめこ,5
ポイズンスピア,1,鉄の槍,1
ポイズンスピア,1,毒塗り薬,3
ポイズンスピア,1,猛毒薬,2
ポイズンダガー,1,スケルズダガー,1
ポイズンダガー,1,瘴気の結晶,3
ポイズンダガー,1,暗黒の毒薬,1
ホネホネ帷子,1,骨の鎧,1
ホネホネ帷子,1,古代骨,3
ホネホネ帷子,1,接着剤,3
マクアウィトル,1,強化木の剣,1
マクアウィトル,1,黒曜石,3
マジックシールド,1,アイアンシールド,1
マジックシールド,1,魔力の欠片,4
メイス,1,ホネ棍棒,1
メイス,1,蜂の針,5
メイス,1,錆びた金属片,3
メガトンハンマー,1,鋼鉄の槌,1
メガトンハンマー,1,ゴーレムの核,5
メガトンハンマー,1,反響石,10
メテオ・バルディ,1,ハルバード,1
メテオ・バルディ,1,星光石,4
メテオ・バルディ,1,月光石,4
モーニングスター,1,スティンガーフレイル,1
モーニングスター,1,竜骨石,2
モーニングスター,1,高純度鉄,3
もふもふ,1,ウルフシールド,1
もふもふ,1,兎の毛皮,30
もふもふ,1,大蜘蛛の糸,2
ライトニングソード,1,鋼鉄の剣,1
ライトニングソード,1,光の結晶,10
ライトニングソード,1,聖水,3
ライトレイピア,1,レイピア,1
ライトレイピア,1,陽光石,3
ライトレイピア,1,赤鉄インゴット,2
ラビットシールド,1,スモールレザーシールド,1
ラビットシールド,1,硬木,2
ラビットシールド,1,兎の毛皮,5
ルーンアーマー,1,合金インゴット,2
ルーンアーマー,1,ルーン鉱石,2
ルーンアーマー,1,強化布,1
ルーンシールド,1,蒼銀インゴット,2
ルーンシールド,1,ルーン鉱石,1
ルーンブーツ,1,合金インゴット,1
ルーンブーツ,1,強化布,1
ルーンブーツ,1,なめし皮,1
ルーンブレーサー,1,合金インゴット,1
ルーンブレーサー,1,ルーン鉱石,1
ルーンブレーサー,1,強化布,1
レイピア,1,エストック,1
レイピア,1,古代の遺灰,2
レイピア,1,呪われた布,2
ロックシールド,1,マジックシールド,1
ロックシールド,1,土のエッセンス,2
ロックシールド,1,岩蟲の歯,5
ロングスピア,1,木の槍,1
ロングスピア,1,鉄インゴット,2
ロングスピア,1,硬木,3
闇のペンダント,1,敏捷の指輪,1
闇のペンダント,1,闇の結晶,5
闇のペンダント,1,闇鉄鉱,3
影縫,1,薄刃のナイフ,1
影縫,1,岩蟲の体節,5
影縫,1,岩蟲の歯,5
鋭利なナイフ,1,鉄のナイフ,1
鋭利なナイフ,1,朽ちた骨,2
鋭利なナイフ,1,ムカデの殻,2
鋭利の指輪,1,力の指輪,1
鋭利の指輪,1,ゴブリンのナイフ,10
鋭利の指輪,1,矢じり,4
炎のガントレット,1,鋼鉄インゴット,2
炎のガントレット,1,火の結晶,3
炎のガントレット,1,水晶のブレーサー,1
炎のブーツ,1,鋼鉄インゴット,2
炎のブーツ,1,火の結晶,2
炎のブーツ,1,マジックブーツ,2
焔牙,1,鋼鉄の短剣,1
焔牙,1,炎のエッセンス,5
焔牙,1,野犬の牙,30
加工蛇革,1,蛇皮,2
加工蛇革,1,樹脂,1
火の槍,1,鋼鉄の槍,1
火の槍,1,火の結晶,5
火山の剣,1,ブロードソード,1
火山の剣,1,溶岩の核,5
火山の剣,1,黒曜石,5
吸血槍,1,鉄の槍,1
吸血槍,1,コウモリの牙,10
吸血槍,1,活性薬,5
強化鞭,1,鞭,1
強化鞭,1,強化布,1
強化鞭,1,コウモリの翼膜,3
強化木のナイフ,1,木のナイフ,1
強化木のナイフ,1,樹脂,1
強化木の剣,1,木の剣,1
強化木の剣,1,繊維,1
強化木の剣,1,硬木,1
強化木槌,1,木槌,1
強化木槌,1,流木,2
強化木槌,1,樹脂,1
金の指輪,1,金塊,1
金の指輪,1,水晶,1
金の小槌,1,金塊,10
金の小槌,1,強化布,1
金の大槌,1,金の小槌,2
金の大槌,1,ノームの粉,10
金の大槌,1,金塊,10
金の腕輪,1,金塊,1
金の腕輪,1,鋼鉄インゴット,1
金の腕輪,1,魔力の欠片,2
空き缶の鎧,1,空き缶,10
空き缶の鎧,1,粗縄,2
原初の兜,1,古代の兜,1
原初の兜,1,古代骨,5
原初の兜,1,竜骨石,5
古代の兜,1,骨の兜,1
古代の兜,1,骨の矢,5
古代の兜,1,骨粉,5
古代騎士の鎧,1,古代合金,2
古代騎士の鎧,1,竜鱗革,2
古代騎士の鎧,1,封印の触媒,1
古代合金,1,合金インゴット,1
古代合金,1,古代合金片,2
古代合金,1,星光石,1
甲殻の盾,1,ウッドシールド,1
甲殻の盾,1,カニの甲羅,5
甲殻の盾,1,接着剤,1
鋼鉄インゴット,1,鉄インゴット,2
鋼鉄インゴット,1,高品質木炭,1
鋼鉄のガントレット,1,鉄のガントレット,1
鋼鉄のガントレット,1,鋼鉄インゴット,2
鋼鉄のガントレット,1,ダイアウルフの牙,3
鋼鉄の兜,1,鉄の兜,1
鋼鉄の兜,1,鋼鉄インゴット,2
鋼鉄の胸鎧,1,鉄の鎧,1
鋼鉄の胸鎧,1,鋼鉄インゴット,3
鋼鉄の胸鎧,1,火の結晶,5
鋼鉄の剣,1,ブロードソード,1
鋼鉄の剣,1,鋼鉄インゴット,2
鋼鉄の剣,1,強化布,1
鋼鉄の槍,1,鉄の槍,1
鋼鉄の槍,1,鋼鉄インゴット,1
鋼鉄の短剣,1,鉄のナイフ,1
鋼鉄の短剣,1,鋼鉄インゴット,2
鋼鉄の槌,1,鉄の槌,1
鋼鉄の槌,1,鋼鉄インゴット,2
鋼鉄の斧,1,青銅の斧,1
鋼鉄の斧,1,鋼鉄インゴット,2
鋼鉄の脛当て,1,鉄の脛当て,1
鋼鉄の脛当て,1,鋼鉄インゴット,2
鋼鉄の脛当て,1,世界樹の樹皮,1
合金インゴット,1,鋼鉄インゴット,1
合金インゴット,1,銅インゴット,1
合金インゴット,1,鈴石,3
黒衣刃,1,黒曜石のナイフ,1
黒衣刃,1,影獣の爪,4
黒衣刃,1,砂,10
黒鉄インゴット,1,黒鉄鉱,5
黒鉄インゴット,1,灼熱砂,3
黒鉄インゴット,1,硫黄,3
黒曜石,1,黒曜石片,5
黒曜石,1,灼熱砂,1
黒曜石,1,溶岩石,1
黒曜石のナイフ,1,石のナイフ,1
黒曜石のナイフ,1,黒曜石,1
骨のガントレット,1,朽ちた骨,6
骨のガントレット,1,鉄インゴット,2
骨のガントレット,1,革紐,2
骨のブーツ,1,朽ちた骨,6
骨のブーツ,1,なめし皮,2
骨のブーツ,1,接着剤,1
骨の鎧,1,蛇革の胴着,1
骨の鎧,1,骸骨の骨,8
骨の鎧,1,鉄インゴット,1
骨の兜,1,革の帽子,1
骨の兜,1,骸骨の骨,5
鎖,1,錆びた金属片,5
鎖,1,銀砂,2
鎖,1,発火剤,3
三節棍,1,ヌンチャク,1
三節棍,1,岩蟲の体節,5
三節棍,1,堅牢な木材,5
七節棍,1,三節棍,1
七節棍,1,竜鱗革,3
七節棍,1,チモシー縄,10
蛇革の胴着,1,加工蛇革,3
蛇革の胴着,1,繊維,2
守護の指輪,1,銅の指輪,1
守護の指輪,1,鉄インゴット,1
守護の指輪,1,ゴブリンの耳,5
守護鎧,1,亡霊騎士の鎧,1
守護鎧,1,合金インゴット,2
守護鎧,1,封印の欠片,3
薪割り斧,1,アックス,1
薪割り斧,1,柄材,1
薪割り斧,1,枝,1
水晶の短剣,1,鉄のナイフ,1
水晶の短剣,1,水晶,1
水晶の短剣,1,鉄インゴット,1
星屑の剣,1,ブロードソード,1
星屑の剣,1,月光石,5
星屑の剣,1,星光石,5
青銅インゴット,1,鈴石,2
青銅インゴット,1,銅インゴット,1
青銅の斧,1,石の斧,1
青銅の斧,1,青銅インゴット,2
青銅の斧,1,柄材,1
石のナイフ,1,強化木のナイフ,1
石のナイフ,1,石,3
石のナイフ,1,蛇皮,1
石の斧,1,石,4
石の斧,1,枝,2
石槌,1,強化木槌,1
石槌,1,石,3
石槌,1,なめし皮,1
赤鉄インゴット,1,赤鉄鉱,5
赤鉄インゴット,1,灼熱砂,3
赤鉄インゴット,1,褐炭,3
蒼銀インゴット,1,蒼銀の粉,5
蒼銀インゴット,1,鋼鉄インゴット,2
蒼銀インゴット,1,高品質木炭,3
蒼銀のガントレット,1,鋼鉄のガントレット,1
蒼銀のガントレット,1,蒼銀インゴット,2
蒼銀のガントレット,1,オークの牙,3
蒼銀のハルバード,1,ハルバード,1
蒼銀のハルバード,1,蒼銀インゴット,2
蒼銀のハルバード,1,世界樹の樹皮,2
蒼銀の鎧,1,鋼鉄の胸鎧,1
蒼銀の鎧,1,蒼銀インゴット,3
蒼銀の鎧,1,オークの牙,3
蒼銀の兜,1,鋼鉄の兜,1
蒼銀の兜,1,蒼銀インゴット,2
蒼銀の兜,1,オークの皮,3
蒼銀の剣,1,鋼鉄の剣,1
蒼銀の剣,1,蒼銀インゴット,2
蒼銀の剣,1,世界樹の樹皮,1
蒼銀の脛当て,1,鋼鉄の脛当て,1
蒼銀の脛当て,1,蒼銀インゴット,2
蒼銀の脛当て,1,ダイアウルフの上毛皮,5
霜の槍,1,鋼鉄の槍,1
霜の槍,1,氷河の結晶,2
霜の槍,1,永久凍土,3
大火の槌,1,鉄の槌,1
大火の槌,1,火の結晶,5
大樹の槌,1,鉄の槌,1
大樹の槌,1,硬木,3
大樹の槌,1,棘の繊維,2
大地の剣,1,ブロードソード,1
大地の剣,1,陽光石,5
大地の剣,1,古代骨,10
大地の槌,1,鉄の槌,1
大地の槌,1,土の結晶,5
沈黙の剣,1,ブロードソード,1
沈黙の剣,1,沈黙の結晶,5
沈黙の剣,1,反響石,10
鉄インゴット,1,鉄鉱石,3
鉄のガントレット,1,革手袋,1
鉄のガントレット,1,鉄インゴット,2
鉄のガントレット,1,とがった牙,3
鉄のナイフ,1,鉄インゴット,1
鉄のナイフ,1,柄材,1
鉄の鎧,1,ブロンズプレート,1
鉄の鎧,1,鉄インゴット,3
鉄の鎧,1,薪,3
鉄の兜,1,革の帽子,1
鉄の兜,1,鉄インゴット,2
鉄の兜,1,薪,2
鉄の剣,1,鉄インゴット,2
鉄の剣,1,柄材,1
鉄の槍,1,ロングスピア,1
鉄の槍,1,鉄インゴット,1
鉄の槍,1,柄材,1
鉄の槌,1,石槌,1
鉄の槌,1,鉄インゴット,1
鉄の槌,1,オークの皮,1
鉄の脛当て,1,革のブーツ,1
鉄の脛当て,1,鉄インゴット,2
鉄の脛当て,1,兎の毛皮,5
銅インゴット,1,銅鉱石,3
薄刃のナイフ,1,鋭利なナイフ,1
薄刃のナイフ,1,デスナイトの装甲片,1
薄刃のナイフ,1,粘土,3
百足の鎖帷子,1,毛皮の鎧,1
百足の鎖帷子,1,ムカデの殻,5
百足の鎖帷子,1,鉄インゴット,1
氷のガントレット,1,鋼鉄インゴット,2
氷のガントレット,1,氷の結晶,3
氷のガントレット,1,水晶のブレーサー,1
氷のブーツ,1,鋼鉄インゴット,2
氷のブーツ,1,氷の結晶,2
氷のブーツ,1,マジックブーツ,2
氷牙,1,鋼鉄の短剣,1
氷牙,1,氷のエッセンス,5
氷牙,1,野犬の牙,30
氷穴の剣,1,ブロードソード,1
氷穴の剣,1,氷河の結晶,5
氷穴の剣,1,氷の結晶,10
敏捷の指輪,1,銅の指輪,1
敏捷の指輪,1,加工蛇革,1
敏捷の指輪,1,兎の耳,5
封域断ちの聖剣,1,崩落の核,1
封域断ちの聖剣,1,蒼銀インゴット,3
封域断ちの聖剣,1,光の結晶,2
封域断ちの聖剣,1,封印の触媒,1
風の槍,1,鋼鉄の槍,1
風の槍,1,風の結晶,5
風牙,1,鋼鉄の短剣,1
風牙,1,風のエッセンス,5
風牙,1,野犬の牙,30
鞭,1,兎の毛皮,3
鞭,1,兎の耳,3
鞭,1,革紐,2
亡霊騎士の鎧,1,鉄の鎧,1
亡霊騎士の鎧,1,デスナイトの装甲片,3
亡霊騎士の鎧,1,闇の結晶,2
魔導士の指輪,1,銅の指輪,1
魔導士の指輪,1,魔法布,1
魔導士の指輪,1,魔力の欠片,5
魔力のペンダント,1,魔導士の指輪,1
魔力のペンダント,1,魔力の欠片,5
魔力のペンダント,1,魔法のインク,2
毛皮の鎧,1,毛皮,3
毛皮の鎧,1,繊維,3
木のナイフ,1,枝,4
木の剣,1,枝,5
木の槍,1,枝,5
木槌,1,枝,2
木槌,1,硬木,1
木槌,1,蜜蝋,2
勇敢のペンダント,1,力の指輪,1
勇敢のペンダント,1,鋼鉄インゴット,1
勇敢のペンダント,1,合金インゴット,1
嵐竜の槍,1,竜骨石,2
嵐竜の槍,1,蒼銀インゴット,2
嵐竜の槍,1,古代合金,1
竜鱗のリング,1,竜鱗革,1
竜鱗のリング,1,蒼銀インゴット,1
竜鱗のリング,1,火の結晶,1
竜鱗革,1,なめし皮,3
竜鱗革,1,火の結晶,1
両刃斧,1,薪割り斧,1
両刃斧,1,鉄インゴット,1
両刃斧,1,トレントの樹皮,1
力の指輪,1,銅の指輪,1
力の指輪,1,鉄インゴット,1
力の指輪,1,オークの皮,2
アケビシロップ,1,アケビ,3
アケビ飴,1,アケビシロップ,2
アケビ飴,1,はちみつ,1
アジの塩焼き,1,アジ,2
イカの丸焼き,1,イカ,2
イカの丸焼き,1,サンショウ,1
イカリングフライ,1,油,1
イカリングフライ,1,イカ,2
イカリングフライ,1,オーツ,2
イワシの煮付け,1,イワシ,3
ガエル油炒め,1,ガエルの油,2
ガエル油炒め,1,チモシー,3
ガエル油炒め,1,なめこ,2
カニのビスク,1,カニ,3
カニのビスク,1,麦粉,1
カニのビスク,1,塩,2
カニの丸焼き,1,カニ,2
カブのピクルス,1,カブ,2
カブのピクルス,1,フルーツビネガー,1
カブのピクルス,1,塩,1
カブの煮物,1,カブ,3
カブの煮物,1,小さなお肉,1
クサガメスープ,1,クサガメ,1
クサガメスープ,1,薬草,2
クサガメスープ,1,塩,1
スッポン鍋,1,スッポン,1
スッポン鍋,1,薬草,3
スッポン鍋,1,塩,1
トマトソース,1,トマト,3
トマトソース,1,塩,1
トマトパスタ,1,生地,1
トマトパスタ,1,トマトソース,1
パン,1,生地,1
パン,1,油,1
フナの塩焼き,1,フナ,1
フナの塩焼き,1,塩,1
フライドポテト,1,ジャガイモ,2
フライドポテト,1,油,1
フライドポテト,1,塩,1
マッシュポテト,1,ジャガイモ,3
マッシュポテト,1,塩,1
マリナーラピザ,1,生地,1
マリナーラピザ,1,トマトソース,1
マリナーラピザ,1,薬草,2
マリナーラピザ,1,油,1
バイソン草茶,1,ミント,1
フィッシュフライ,1,油,1
フィッシュフライ,1,アジ,2
フィッシュフライ,1,イワシ,2
フルーツビネガー,1,コケモモ,3
ミント飴,1,ミント,2
ミント飴,1,はちみつ,1
栄光の饗宴,1,小さなお肉,5
栄光の饗宴,1,ウサギ,2
栄光の饗宴,1,ハゼ,3
栄光の饗宴,1,はちみつ,2
鋭刃スパイス,1,トウガラシ,2
鋭刃スパイス,1,サンショウ,1
鋭刃スパイス,1,花の蜜,1
海鮮鍋,1,カニ,2
海鮮鍋,1,海藻,3
海鮮鍋,1,貝,2
貝の水煮,1,貝,3
乾燥海藻,1,海藻,4
干し魚,1,小魚,3
漁師鍋,1,シーバス,2
漁師鍋,1,海藻,2
漁師鍋,1,貝,4
業火ソース煮込み,1,ウナギ,2
業火ソース煮込み,1,トウガラシ,2
業火ソース煮込み,1,塩,1
鯉の素揚げ,1,コイ,1
鯉の素揚げ,1,塩,1
鯉の素揚げ,1,油,1
堅焼きクッキー,1,麦粉,3
堅焼きクッキー,1,塩,1
幸運のキャラメル,1,コケモモ,2
幸運のキャラメル,1,はちみつ,1
山椒焼き,1,小さなお肉,2
山椒焼き,1,サンショウ,1
刺身盛り,1,ヒラメ,1
刺身盛り,1,イカ,2
刺身盛り,1,アジ,2
疾風サラダ,1,ミント,3
疾風サラダ,1,アルファルファ,3
疾風サラダ,1,オーツ,2
守護者の晩餐,1,ナマズ,2
守護者の晩餐,1,貝,2
守護者の晩餐,1,麦粉,1
小エビの水煮,1,小エビ,3
辛口ジャーキー,1,小さなお肉,3
辛口ジャーキー,1,トウガラシ,2
辛口ジャーキー,1,塩,1
星詠みパイ,1,カラシン,1
星詠みパイ,1,はちみつ,1
星詠みパイ,1,コケモモ,1
精霊茶,1,精霊の花弁,1
精霊茶,1,ミント,3
精霊茶,1,はちみつ,2
生地,1,麦粉,2
生地,1,塩,1
戦士の干し肉,1,小さなお肉,1
戦士の干し肉,1,サンショウ,1
戦士の昼食,1,小さなお肉,10
戦士の昼食,1,地底エビ,5
戦士の昼食,1,トウガラシ,3
鷹の目スープ,1,クリスタルフィッシュ,1
鷹の目スープ,1,トウガラシ,5
鷹の目スープ,1,サンショウ,1
鉄壁シチュー,1,小さなお肉,2
鉄壁シチュー,1,石,1
鉄壁シチュー,1,麦粉,2
唐辛子油,1,トウガラシ,3
唐辛子油,1,油,1
麦粉,1,オーツ,4
蜂蜜ジャム菓子,1,はちみつ,2
蜂蜜ジャム菓子,1,コケモモジャム,1
蜂蜜パン,1,麦粉,3
蜂蜜パン,1,はちみつ,2
蜂蜜パン,1,塩,1
畑の野菜スープ,1,ジャガイモ,2
畑の野菜スープ,1,カブ,1
畑の野菜スープ,1,塩,1
冒険者の宴,1,小さなお肉,5
冒険者の宴,1,カニ,2
冒険者の宴,1,薬草,3
冒険者の饗宴,1,勇者の串焼き,1
冒険者の饗宴,1,鉄壁シチュー,1
冒険者の饗宴,1,スッポン,3
冒険者の饗宴,1,精霊の雫,1
魔除けシチュー,1,地底エビ,3
魔除けシチュー,1,海藻,3
魔除けシチュー,1,塩,1
魔晶砂糖菓子,1,なめこ,1
魔晶砂糖菓子,1,花の蜜,1
魔力スープ,1,なめこ,2
魔力スープ,1,花の蜜,2
魔力スープ,1,コケ,3
油,1,菜種,3
勇者の串焼き,1,小さなお肉,3
勇者の串焼き,1,トウガラシ,2
勇者の串焼き,1,はちみつ,1
旅人の携帯食,1,アルファルファ,3
旅人の携帯食,1,オーツ,3
霊草の飴玉,1,アケビ,2
霊草の飴玉,1,はちみつ,1
狼のステーキ,1,油,1
狼のステーキ,1,小さなお肉,3
狼のステーキ,1,サンショウ,2
ガラス瓶,1,砂,3
ガラス瓶,1,火打石,1
カルガルプレート,1,カルワザプレート,1
カルガルプレート,1,強化布,2
カルガルプレート,1,毒蛙の皮,3
カルワザプレート,1,強化流木の胸当て,1
カルワザプレート,1,鉄インゴット,1
カルワザプレート,1,闇コウモリの膜,3
スパークル,1,光の弓,1
スパークル,1,複合弓の骨組,1
スパークル,1,複合弓の骨組,3
テンペスト,1,鷹の弓,1
テンペスト,1,複合弓の骨組,1
テンペスト,1,風のエッセンス,3
バリスタ,1,貫通弓,1
バリスタ,1,鉄ゴーレムの装甲,4
バリスタ,1,合金インゴット,2
プリテンダー,1,影の弓,1
プリテンダー,1,沈黙の結晶,5
プリテンダー,1,月光石,5
ホネ棍棒,1,棍棒,1
ホネ棍棒,1,骸骨の骨,2
ホネ棍棒,1,蛇皮,3
影の弓,1,堅木の弓,1
影の弓,1,闇の結晶,5
影の弓,1,闇コウモリの膜,10
鋭い矢,3,矢,1
鋭い矢,3,硬木,2
煙幕玉B,1,リン,2
煙幕玉B,1,コケ,3
煙幕玉B,1,枯れ葉,2
海藻のお守り,1,乾燥海藻,3
海藻のお守り,1,粗縄,1
褐炭の着火剤,3,褐炭,3
褐炭の着火剤,3,樹脂,1
乾草人形,1,乾草,5
乾草人形,1,枯れ葉,3
乾草人形,1,粗縄,1
貫通弓,1,鉄の弓,1
貫通弓,1,鉄の矢,3
貫通弓,1,大蜘蛛の糸,3
帰還石,1,石,5
帰還石,1,魔力の欠片,1
帰還石,1,リン鉱石,2
強化流木の胸当て,1,流木の胸当て,1
強化流木の胸当て,1,野犬の毛,3
強化流木の胸当て,1,コウモリの牙,3
堅木の弓,1,木の長弓,1
堅木の弓,1,堅牢な木材,2
堅木の弓,1,接着剤,1
堅木の盾,1,堅牢な木材,3
堅木の盾,1,鉄インゴット,1
堅木の盾,1,接着剤,1
堅牢な木材,1,硬木,2
堅牢な木材,1,樹脂,1
光の弓,1,堅木の弓,1
光の弓,1,光の結晶,5
光の弓,1,ダイアウルフの牙,10
高品質木炭,1,薪,3
骨の短剣,1,鉄のナイフ,1
骨の短剣,1,骨粉,2
骨の短剣,1,接着剤,1
骨の矢,1,とがった牙,3
骨の矢,1,枝,3
骨の矢,1,矢,1
錫の鈴,1,鈴石,3
錫の鈴,1,銅線,1
松明,1,薪,2
松明,1,樹脂,1
松明,1,粗布,1
真珠のイヤリング,1,真珠,2
真珠のイヤリング,1,繊維,1
真珠の指輪,1,真珠,1
真珠の指輪,1,金塊,1
真珠の指輪,1,魔法糸,1
水晶レンズ,1,水晶,2
水晶レンズ,1,砂,3
精霊のランプ,1,ガラス瓶,1
精霊のランプ,1,精霊の雫,1
精霊のランプ,1,蝋塊,1
閃光矢,1,リン,2
閃光矢,1,矢じり,5
粗縄,1,接着剤,1
粗縄,1,つる,3
蒼銀の大弓,1,大弓,1
蒼銀の大弓,1,蒼銀糸,3
蒼銀の大弓,1,鉄の矢,5
大弓,1,貫通弓,1
大弓,1,堅牢な木材,2
大弓,1,接着剤,2
炭火のペンダント,1,木炭,3
炭火のペンダント,1,粗縄,1
炭火のペンダント,1,樹脂,1
鉄の弓,1,木の長弓,1
鉄の弓,1,鉄インゴット,2
鉄の弓,1,粗縄,1
鉄の弓,1,鋭い矢,3
鉄の矢,3,鉄インゴット,1
鉄の矢,3,矢,1
陶器の壺,1,粘土,3
陶器の壺,1,石,1
銅の指輪,1,銅インゴット,1
銅線,3,銅鉱石,2
毒矢,1,矢,1
毒矢,1,毒液,1
毒矢,1,枝,2
風の弓,1,堅木の弓,1
風の弓,1,風の結晶,5
風の弓,1,花の蜜,5
複合弓の骨組,1,堅牢な木材,2
複合弓の骨組,1,トレントの樹皮,2
複合弓の骨組,1,接着剤,2
木の長弓,1,硬木,3
木の長弓,1,柄材,2
木炭,1,枝,5
矢,1,矢じり,3
矢,1,枝,3
流木のサンダル,1,流木の胸当て,4
流木のサンダル,1,粗縄,1
流木のブレーサー,1,流木の胸当て,3
流木のブレーサー,1,粗縄,1
流木のブレーサー,1,接着剤,1
流木のヘルム,1,流木の胸当て,5
流木のヘルム,1,粗縄,1
流木の胸当て,1,流木,5
流木の胸当て,1,硬木,1
流木の胸当て,1,接着剤,1
連弩,1,バリスタ,2
連弩,1,ゴーレムの核,5
連弩,1,複合弓の骨組,3
蝋塊,2,蜜蝋,3
蝋塊,2,樹脂,1
棍棒,1,流木,3
棍棒,1,トレントの樹皮,1
罠,1,枝,3
罠,1,クモの糸,2
アルラウネの衣装,1,涼しい服,1
アルラウネの衣装,1,アルラウネの花弁,3
アルラウネの衣装,1,アルラウネの根,3
グラスミサンガ,1,チモシー,2
グラスミサンガ,1,バイソングラス,2
スピードスター,1,俊足のブーツ,1
スピードスター,1,風のエッセンス,2
スピードスター,1,竜鱗革,3
タランチュラ・ボディ,1,蜘蛛糸のロープ,1
タランチュラ・ボディ,1,蜘蛛の目,10
タランチュラ・ボディ,1,蜘蛛の牙,10
チモシーの敷物,1,チモシー,8
チモシーの敷物,1,枯れ葉,3
チモシー縄,2,チモシー,5
なめし皮,1,毛皮,2
マジックブーツ,1,毛皮,2
マジックブーツ,1,なめし皮,1
マジックブーツ,1,つる,2
ローブ,1,旅人のマント,1
ローブ,1,布,2
ワックスプロテクト,1,蜜蝋コート,1
ワックスプロテクト,1,蝋塊,3
ワックスプロテクト,1,花の蜜,3
影のコート,1,狼毛のマント,1
影のコート,1,影獣の皮,3
影のコート,1,闇の結晶,2
影のブーツ,1,毛皮のブーツ,1
影のブーツ,1,闇の結晶,5
影のブーツ,1,影獣の皮,3
影のフード,1,毛皮のフード,1
影のフード,1,闇の結晶,2
影のフード,1,影獣の皮,3
影のブレーサー,1,影獣の皮,1
影のブレーサー,1,魔法糸,2
影のブレーサー,1,闇の結晶,1
影のマント,1,狼毛のマント,1
影のマント,1,影獣の皮,2
影のマント,1,コウモリの翼膜,5
影の靴,1,影獣の皮,3
影の靴,1,闇の結晶,1
影の手袋,1,蛇革の手袋,1
影の手袋,1,闇の結晶,5
影の手袋,1,闇コウモリの膜,5
火の衣,1,魔導士のローブ,1
火の衣,1,炎のエッセンス,2
火の衣,1,魔法布,3
牙のネックレス,1,とがった牙,5
牙のネックレス,1,細い糸,1
海鱗の胴着,1,蛇革の胴着,1
海鱗の胴着,1,海精の鱗,3
海鱗の胴着,1,鉄インゴット,1
貝のネックレス,1,牙のネックレス,1
貝のネックレス,1,貝,10
貝のネックレス,1,細い糸,1
革のブーツ,1,野犬の毛,2
革のブーツ,1,なめし皮,1
革のブーツ,1,粗布,1
革の帽子,1,藁帽子,1
革の帽子,1,なめし皮,3
革の帽子,1,細い糸,2
革手袋,1,布の手袋,1
革手袋,1,布,1
革手袋,1,なめし皮,1
革紐,3,蛇皮,2
機能性向上スーツ,1,涼しい服,1
機能性向上スーツ,1,棘の繊維,3
機能性向上スーツ,1,蝋塊,3
虚空のコート,1,影のコート,1
虚空のコート,1,闇のエッセンス,2
虚空のコート,1,古代の遺灰,5
虚空のブーツ,1,影のブーツ,1
虚空のブーツ,1,闇のエッセンス,2
虚空のブーツ,1,闇の根,4
強化布,1,布,2
強化布,1,大蜘蛛の糸,3
強化布,1,魔法糸,1
強化布B,1,布,2
強化布B,1,上位魔法糸,1
光の衣,1,魔導士のローブ,1
光の衣,1,陽光石,5
光の衣,1,魔法布,3
細い糸,1,クモの糸,3
細い糸B,2,,5
蛇革のバンダナ,1,革の帽子,1
蛇革のバンダナ,1,加工蛇革,3
蛇革のバンダナ,1,革紐,3
蛇革のブーツ,1,革のブーツ,1
蛇革のブーツ,1,加工蛇革,2
蛇革のブーツ,1,チモシー縄,1
蛇革の手袋,1,革手袋,1
蛇革の手袋,1,加工蛇革,1
俊足のブーツ,1,蛇革のブーツ,1
俊足のブーツ,1,風の結晶,4
俊足のブーツ,1,チモシー縄,2
俊足のブレーサー,1,蛇革の手袋,1
俊足のブレーサー,1,加工蛇革,2
俊足のブレーサー,1,風の結晶,5
上位魔法糸,1,細い糸,3
上位魔法糸,1,魔力の欠片,2
真珠のネックレス,1,貝のネックレス,1
真珠のネックレス,1,真珠,10
真珠のネックレス,1,魔法糸,1
森林のギリースーツ,1,草原のギリースーツ,1
森林のギリースーツ,1,コケ,20
森林のギリースーツ,1,枯れ葉,20
深海の胴着,1,海鱗の胴着,1
深海の胴着,1,接着剤,3
深海の胴着,1,海鳥の産毛,5
星の衣,1,魔導士のローブ,1
星の衣,1,星光石,5
星の衣,1,魔法布,3
粗縄B,1,乾草,3
粗縄B,1,繊維,2
粗布,1,繊維,4
粗布B,1,朽ちた布切れ,5
草原のギリースーツ,1,草編みの服,1
草原のギリースーツ,1,雑草,20
草原のギリースーツ,1,乾草,20
草編みの服,1,雑草,10
草履,1,雑草,4
蒼銀糸,1,蒼銀の粉,2
蒼銀糸,1,魔法糸,3
蜘蛛糸のブーツ,1,大蜘蛛の糸,4
蜘蛛糸のブーツ,1,魔法糸,1
蜘蛛糸のブーツ,1,なめし皮,1
蜘蛛糸のフード,1,大蜘蛛の糸,5
蜘蛛糸のフード,1,布,2
蜘蛛糸のフード,1,闇の結晶,2
蜘蛛糸のローブ,1,魔導士のローブ,1
蜘蛛糸のローブ,1,大蜘蛛の糸,5
蜘蛛糸のローブ,1,魔法糸,2
蜘蛛糸の手袋,1,大蜘蛛の糸,4
蜘蛛糸の手袋,1,なめし皮,4
蜘蛛糸の手袋,1,布,1
釣り糸,1,細い糸,5
布,1,細い糸,3
布,1,繊維,2
布B,1,朽ちた布切れ,10
布のブーツ,1,粗布,2
布のブーツ,1,繊維,2
布の手袋,1,粗布,2
布の手袋,1,繊維,1
風の衣,1,魔導士のローブ,1
風の衣,1,風のエッセンス,2
風の衣,1,魔法布,3
亡霊のマント,1,影のマント,1
亡霊のマント,1,封印の欠片,10
亡霊のマント,1,亡霊の布,10
魔導士のブーツ,1,蛇革のブーツ,1
魔導士のブーツ,1,魔法布,1
魔導士のブーツ,1,魔力の欠片,5
魔導士のブレーサー,1,毛皮の手袋,1
魔導士のブレーサー,1,魔法布,2
魔導士のブレーサー,1,魔力の欠片,5
魔導士のローブ,1,ローブ,1
魔導士のローブ,1,魔法布,3
魔導士のローブ,1,ガエルの油,1
魔法糸,2,クモの糸,5
魔法糸,2,魔力の欠片,1
蜜蝋コート,1,蜜蝋,3
蜜蝋コート,1,布,1
毛皮のブーツ,1,革のブーツ,1
毛皮のブーツ,1,毛皮,2
毛皮のブーツ,1,革紐,2
毛皮のフード,1,革の帽子,1
毛皮のフード,1,毛皮,2
毛皮のフード,1,野犬の毛,10
毛皮の手袋,1,革手袋,1
毛皮の手袋,1,毛皮,2
竜鱗革B,1,影獣の皮,2
竜鱗革B,1,ダイアウルフの上毛皮,2
竜鱗革B,1,なめし皮,3
旅人のマント,1,粗布,3
涼しい服,1,草編みの服,1
涼しい服,1,繊維,5
涼しい服,1,朽ちた布切れ,2
狼毛のマント,1,旅人のマント,1
狼毛のマント,1,ダイアウルフの上毛皮,2
狼毛のマント,1,なめし皮,5
藁のブレーサー,1,乾草,3
藁のブレーサー,1,粗縄,1
藁帽子,1,雑草,5
RL・アース,1,風のタロット,1
RL・アース,1,精霊のインク,1
RL・アース,1,星光石,5
RL・ヴィーナス,1,光のタロット,1
RL・ヴィーナス,1,精霊のインク,1
RL・ヴィーナス,1,星光石,5
RL・ウラヌス,1,音のタロット,1
RL・ウラヌス,1,反響石,10
RL・ウラヌス,1,星光石,5
RL・サターン,1,土のタロット,1
RL・サターン,1,古代骨,3
RL・サターン,1,星光石,5
RL・サン,1,太陽のタロット,1
RL・サン,1,精霊のインク,1
RL・サン,1,耐火石,5
RL・ジュピター,1,木のタロット,1
RL・ジュピター,1,精霊花,3
RL・ジュピター,1,星光石,5
RL・ネプチューン,1,氷のタロット,1
RL・ネプチューン,1,氷河の結晶,5
RL・ネプチューン,1,星光石,5
RL・プルート,1,虚無のタロット,1
RL・プルート,1,闇のエッセンス,1
RL・プルート,1,星光石,5
RL・マーキュリー,1,潮のタロット,1
RL・マーキュリー,1,海精の鱗,3
RL・マーキュリー,1,星光石,5
アースロッド,1,土の結晶,2
アースロッド,1,魔力の欠片,1
アースロッド,1,ロッド,1
アイシクルロッド,1,アイスロッド,1
アイシクルロッド,1,氷河の結晶,5
アイシクルロッド,1,凍った涙,5
アイスロッド,1,氷の結晶,2
アイスロッド,1,魔力の欠片,2
アイスロッド,1,ロッド,1
アビサルロッド,1,オーシャンロッド,1
アビサルロッド,1,スライムゼリー,10
アビサルロッド,1,虹色貝,5
アビスロッド,1,ヴォイドロッド,1
アビスロッド,1,闇のエッセンス,3
アビスロッド,1,瘴気の核,5
アルカナサークレット,1,魔導士の帽子,1
アルカナサークレット,1,ルーン鉱石,3
アルカナサークレット,1,魔力の欠片,5
イグニ・グリモア,1,炎術書,1
イグニ・グリモア,1,炎のエッセンス,1
イグニ・グリモア,1,強化布,2
イグニスロッド,1,ファイアロッド,1
イグニスロッド,1,火の結晶,5
イグニスロッド,1,コウモリの翼膜,5
インフェルノロッド,1,イグニスロッド,1
インフェルノロッド,1,炎のエッセンス,3
インフェルノロッド,1,火山岩,5
ウィディナ・グリモア,1,水術書,1
ウィディナ・グリモア,1,水の玉,10
ウィディナ・グリモア,1,海鳥の産毛,5
ウィンドロッド,1,風の結晶,2
ウィンドロッド,1,魔力の欠片,1
ウィンドロッド,1,ロッド,1
ヴォイドロッド,1,ダークロッド,1
ヴォイドロッド,1,闇の結晶,5
ヴォイドロッド,1,古代骨,1
エレメントロッド,1,プロテクロッド,1
エレメントロッド,1,陽光石,5
エレメントロッド,1,治癒草,5
エンジェルロッド,1,シスターロッド,1
エンジェルロッド,1,陽光石,5
エンジェルロッド,1,聖水,5
オークス・グリモア,1,木術書,1
オークス・グリモア,1,花の蜜,10
オークス・グリモア,1,兎の耳,3
オーシャンロッド,1,タイドロッド,1
オーシャンロッド,1,海鳥の産毛,5
オーシャンロッド,1,カニの鋏,5
オーディオロッド,1,トーンロッド,1
オーディオロッド,1,封印の触媒,3
オーディオロッド,1,水晶レンズ,2
カームロッド,1,エコーロッド,1
カームロッド,1,音の結晶,5
カームロッド,1,共鳴の欠片,5
ギャラクシーロッド,1,ムーンロッド,1
ギャラクシーロッド,1,月光石,5
ギャラクシーロッド,1,精霊のインク,3
クラストロッド,1,アースロッド,1
クラストロッド,1,土の結晶,5
クラストロッド,1,骸骨の骨,5
クルス・グリモア,1,光術書,1
クルス・グリモア,1,陽光石,5
クルス・グリモア,1,強化石,1
グレイシアロッド,1,アイシクルロッド,1
グレイシアロッド,1,氷のエッセンス,3
グレイシアロッド,1,ダイアウルフの牙,5
ゲイザーサークレーット,1,アルカナサークレット,1
ゲイザーサークレーット,1,星光石,5
ゲイザーサークレーット,1,月光石,5
ゲイルロッド,1,ウィンドロッド,1
ゲイルロッド,1,風の結晶,5
ゲイルロッド,1,大蜘蛛の眼,5
サイレントロッド,1,カームロッド,1
サイレントロッド,1,沈黙の結晶,10
サイレントロッド,1,スライムコア,5
シスターロッド,1,ライトロッド,1
シスターロッド,1,光の結晶,5
シスターロッド,1,聖水,1
シャーベットロッド,1,アイスロッド,1
シャーベットロッド,1,氷の結晶,5
シャーベットロッド,1,水晶,5
ジャジカ・グリモア,1,音術書,1
ジャジカ・グリモア,1,反響石,5
ジャジカ・グリモア,1,強化布,1
シリウスロッド,1,プロキオンロッド,1
シリウスロッド,1,星光石,10
シリウスロッド,1,精霊のインク,3
ストリームロッド,1,タイドロッド,1
ストリームロッド,1,水の玉,5
ストリームロッド,1,海鳥の羽,5
スペクタルロッド,1,ファントムロッド,1
スペクタルロッド,1,闇のエッセンス,3
スペクタルロッド,1,亡霊の布,5
ダークロッド,1,闇の結晶,2
ダークロッド,1,魂の欠片,1
ダークロッド,1,ロッド,1
タイドロッド,1,ロッド,1
タイドロッド,1,潮石,2
タイドロッド,1,魔力の欠片,2
タロット,1,繊維,3
タロット,1,雑草,5
トーテ・グリモア,1,土術書,1
トーテ・グリモア,1,土のエッセンス,1
トーテ・グリモア,1,強化布,1
トーンロッド,1,エコーロッド,1
トーンロッド,1,音の結晶,5
トーンロッド,1,反響石,5
トルネードロッド,1,ワールロッド,1
トルネードロッド,1,風のエッセンス,3
トルネードロッド,1,トレントの樹液,5
ハイドロット,1,ストリームロッド,1
ハイドロット,1,海精の鱗,5
ハイドロット,1,湿った樹皮,5
ハリケーンロッド,1,ゲイルロッド,1
ハリケーンロッド,1,風のエッセンス,3
ハリケーンロッド,1,精霊のインク,3
ファイアロッド,1,火の結晶,2
ファイアロッド,1,魔力の欠片,2
ファイアロッド,1,ロッド,1
ファントムロッド,1,ダークロッド,1
ファントムロッド,1,闇の結晶,5
ファントムロッド,1,リッチの骨,1
ブリズ・グリモア,1,風術書,1
ブリズ・グリモア,1,風のエッセンス,1
ブリズ・グリモア,1,強化布,2
プロキオンロッド,1,ルーンロッド,1
プロキオンロッド,1,星光石,3
プロキオンロッド,1,蒼銀の粉,3
フロズ・グリモア,1,氷術書,1
フロズ・グリモア,1,氷のエッセンス,1
フロズ・グリモア,1,強化布,2
フロストロッド,1,シャーベットロッド,1
フロストロッド,1,氷のエッセンス,3
フロストロッド,1,蝋塊,5
プロテクロッド,1,ライトロッド,1
プロテクロッド,1,光の結晶,5
プロテクロッド,1,香草,3
プロミネンスロッド,1,マグマロッド,1
プロミネンスロッド,1,炎のエッセンス,3
プロミネンスロッド,1,溶岩の核,5
マイアーロッド,1,マディロッド,1
マイアーロッド,1,土のエッセンス,3
マイアーロッド,1,陶器の壺,5
マグマロッド,1,ファイアロッド,1
マグマロッド,1,火の結晶,5
マグマロッド,1,リン鉱石,10
マディロッド,1,アースロッド,1
マディロッド,1,土の結晶,5
マディロッド,1,朽ちた布切れ,5
マントルロッド,1,クラストロッド,1
マントルロッド,1,土のエッセンス,3
マントルロッド,1,ノームの宝石,5
ミルカ・グリモア,1,星術書,1
ミルカ・グリモア,1,星光石,5
ミルカ・グリモア,1,強化布,1
ムーンロッド,1,ルーンロッド,1
ムーンロッド,1,月光石,1
ムーンロッド,1,蒼銀の粉,3
ライトロッド,1,光の結晶,2
ライトロッド,1,魔力の欠片,2
ライトロッド,1,ロッド,1
リッチの魔導書,1,リッチの骨,2
リッチの魔導書,1,魂の欠片,3
リッチの魔導書,1,精霊のインク,3
リン鉱石のアミュレット,1,リン鉱石,3
リン鉱石のアミュレット,1,魔法糸,1
リン鉱石のアミュレット,1,魔力の欠片,1
ルーンサークレット,1,ルーン鉱石,1
ルーンサークレット,1,蒼銀インゴット,1
ルーンサークレット,1,魔力の欠片,2
ルーンロッド,1,ロッド,1
ルーンロッド,1,ルーン鉱石,2
ルーンロッド,1,魔力の欠片,2
ロキ・グリモア,1,闇術書,1
ロキ・グリモア,1,闇のエッセンス,1
ロキ・グリモア,1,強化布,2
ロッド,1,枝,3
ロッド,1,魔力の欠片,1
ワールロッド,1,ウィンドロッド,1
ワールロッド,1,棘の種,10
ワールロッド,1,棘の繊維,10
闇術書,1,呪文書,1
闇術書,1,闇の結晶,3
闇術書,1,魔法布,1
炎のティアラ,1,火の結晶,3
炎のティアラ,1,ルーン鉱石,2
炎のティアラ,1,水晶ティアラ,1
炎術書,1,呪文書,1
炎術書,1,火の結晶,3
炎術書,1,魔法布,1
音のタロット,1,草のタロット,1
音のタロット,1,音の結晶,5
音のタロット,1,反響石,3
音術書,1,呪文書,1
音術書,1,音の結晶,3
音術書,1,魔法布,1
虚空のフード,1,影のフード,1
虚空のフード,1,闇のエッセンス,2
虚空のフード,1,古代の遺灰,5
虚無のタロット,1,星のタロット,1
虚無のタロット,1,闇の結晶,1
虚無のタロット,1,星光石,5
共鳴の書,1,反響石,3
共鳴の書,1,共鳴の欠片,2
共鳴の書,1,音術書,1
月光のアミュレット,1,月光石,2
月光のアミュレット,1,古代のルーン,1
月光のアミュレット,1,上位魔法糸,1
月光石の指輪,1,月光石,2
月光石の指輪,1,蒼銀インゴット,1
月光石の指輪,1,魔法糸,2
光のタロット,1,星のタロット,1
光のタロット,1,光の結晶,5
光のタロット,1,火山灰,5
光術書,1,呪文書,1
光術書,1,光の結晶,3
光術書,1,魔法布,1
幸運のお守り,1,月光石,1
幸運のお守り,1,魔法糸,2
幸運のお守り,1,精霊のインク,1
呪文書,1,魔法布,2
呪文書,1,魔力の欠片,2
水術書,1,呪文書,1
水術書,1,潮石,3
水術書,1,魔法布,1
水晶ティアラ,1,水晶,3
水晶ティアラ,1,海精の鱗,2
水晶ティアラ,1,魔力の欠片,2
水晶のサークレット,1,水晶,3
水晶のサークレット,1,海精の鱗,2
水晶のサークレット,1,魔力の欠片,2
水晶のサンダル,1,水晶,2
水晶のサンダル,1,革紐,2
水晶のサンダル,1,影獣の皮,1
水晶のブレーサー,1,水晶,2
水晶のブレーサー,1,接着剤,2
水晶のブレーサー,1,魔力の欠片,1
水晶の宝珠,1,水晶レンズ,2
水晶の宝珠,1,魔力の欠片,5
水晶の宝珠,1,光の結晶,2
星のタロット,1,緑のタロット,1
星のタロット,1,星光石,1
星のタロット,1,精霊のインク,1
星光石の指輪,1,星光石,2
星光石の指輪,1,蒼銀インゴット,1
星光石の指輪,1,魔法糸,2
星術書,1,呪文書,1
星術書,1,ルーン鉱石,3
星術書,1,魔法布,1
精霊のインク,2,精霊の雫,2
精霊のインク,2,魔力の欠片,2
精霊のサンダル,1,精霊の花弁,3
精霊のサンダル,1,精霊の雫,1
精霊のサンダル,1,魔法糸,2
精霊のブレーサー,1,精霊の花弁,3
精霊のブレーサー,1,精霊の雫,2
精霊のブレーサー,1,花の蜜,2
精霊のペンダント,1,精霊の雫,2
精霊のペンダント,1,魔力の欠片,3
精霊のペンダント,1,細い糸,1
精霊の花冠,1,精霊の花弁,5
精霊の花冠,1,精霊の雫,2
精霊の花冠,1,花の蜜,2
草のタロット,1,緑のタロット,1
草のタロット,1,棘の繊維,3
草のタロット,1,布,1
太陽のタロット,1,星のタロット,1
太陽のタロット,1,火の結晶,10
太陽のタロット,1,火打石,2
蜘蛛眼のレンズ,1,蜘蛛の目,3
蜘蛛眼のレンズ,1,水晶レンズ,1
蜘蛛眼のレンズ,1,魔法糸,1
湖のタロット,1,草のタロット,1
湖のタロット,1,潮石,5
湖のタロット,1,水の玉,5
土のタロット,1,草のタロット,1
土のタロット,1,土の結晶,5
土のタロット,1,ノームの粉,2
土術書,1,呪文書,1
土術書,1,土の結晶,3
土術書,1,魔法布,1
氷のタロット,1,草のタロット,1
氷のタロット,1,氷の結晶,5
氷のタロット,1,水晶,2
氷のティアラ,1,氷の結晶,3
氷のティアラ,1,水晶,2
氷のティアラ,1,水晶ティアラ,1
氷術書,1,呪文書,1
氷術書,1,氷の結晶,3
氷術書,1,魔法布,1
布の帽子,1,粗布,3
布の帽子,1,細い糸,2
風のタロット,1,草のタロット,1
風のタロット,1,風の結晶,5
風のタロット,1,棘の種,2
風術書,1,呪文書,1
風術書,1,風の結晶,3
風術書,1,魔法布,1
亡者のランタン,1,ワイトのエクトプラズム,3
亡者のランタン,1,ガラス瓶,1
亡者のランタン,1,リン鉱石,3
魔導士の帽子,1,布の帽子,1
魔導士の帽子,1,魔法布,1
魔導士の帽子,1,魔力の欠片,5
魔法布,1,布,2
魔法布,1,魔力の欠片,1
木のタロット,1,草のタロット,1
木のタロット,1,精霊の花弁,2
木のタロット,1,精霊の雫,2
木術書,1,呪文書,1
木術書,1,繊維,10
木術書,1,魔法布,1
緑のタロット,1,タロット,1
緑のタロット,1,つる,2
緑のタロット,1,魔力の欠片,3
瘴気のペンダント,1,瘴気の結晶,2
瘴気のペンダント,1,ルーン鉱石,2
瘴気のペンダント,1,闇の結晶,1
ジグ,1,鉄の釣り針,1
ジグ,1,鉄インゴット,1
ジグ,1,とがった牙,1
スプーン,1,鉄の釣り針,1
スプーン,1,鉄インゴット,1
バイブ,1,鉄の釣り針,1
バイブ,1,鉄インゴット,1
バイブ,1,樹脂,1
フライ,1,鉄の釣り針,1
フライ,1,コウモリの翼膜,1
フライ,1,釣り糸,1
ルアー,1,鉄の釣り針,1
ルアー,1,樹脂,1
上質の釣り竿,1,硬木,2
上質の釣り竿,1,鉄の釣り針,2
上質の釣り竿,1,釣り糸,1
釣り餌,1,コケ,2
釣り餌,1,小エビ,2
鉄の釣り針,3,鉄インゴット,1
木の釣り竿,1,枝,3
木の釣り竿,1,釣り糸,1
封印の触媒,1,封印石,2
封印の触媒,1,星光石,1
封印の触媒,1,月光石,1
経験の香,1,炎のエッセンス,1
経験の香,1,月光花,2
経験の香,1,古代の紙片,1
聖水B,1,精霊の雫,2
聖水B,1,光の結晶,1
,1,,
,1,,
,1,,
,1,,
,1,,
,1,,
,1,,
,1,,
,1,,
,1,,
,1,,
,1,,
,1,,
,1,,
,1,,
,1,,
,1,,
,1,,
,1,,
,1,,
,1,,
,1,,
,1,,
,1,,
,1,,
,1,,
,1,,
,1,,
,1,,
,1,,
,1,,
,1,,
,1,,
,1,,